Provider.Name,Provider.Guid,EventID,EventID.Qualifiers,Version,Level,Task,Opcode,Keywords,TimeCreated.SystemTime,EventRecordID,Correlation.ActivityID,Correlation.RelatedActivityID,Execution.ProcessID,Execution.ThreadID,Channel,Computer,Security.UserID,UserData.LogFileCleared,UserData.SubjectUserSid,UserData.SubjectUserName,UserData.SubjectDomainName,UserData.SubjectLogonId,UserData.ClientProcessId,UserData.ClientProcessStartKey,EventData.SubjectUserSid,EventData.SubjectUserName,EventData.SubjectDomainName,EventData.SubjectLogonId,EventData.SourceHandleId,EventData.SourceProcessId,EventData.TargetHandleId,EventData.TargetProcessId,EventData.ObjectServer,EventData.HandleId,EventData.ProcessId,EventData.ProcessName,EventData.ObjectType,EventData.ObjectName,EventData.TransactionId,EventData.AccessList,EventData.AccessReason,EventData.AccessMask,EventData.PrivilegeList,EventData.RestrictedSidCount,EventData.ResourceAttributes,EventData.NewProcessId,EventData.NewProcessName,EventData.TokenElevationType,EventData.CommandLine,EventData.TargetUserSid,EventData.TargetUserName,EventData.TargetDomainName,EventData.TargetLogonId,EventData.ParentProcessName,EventData.MandatoryLabel,EventData.LogonType,EventData.LogonProcessName,EventData.AuthenticationPackageName,EventData.WorkstationName,EventData.LogonGuid,EventData.TransmittedServices,EventData.LmPackageName,EventData.KeyLength,EventData.IpAddress,EventData.IpPort,EventData.ImpersonationLevel,EventData.RestrictedAdminMode,EventData.TargetOutboundUserName,EventData.TargetOutboundDomainName,EventData.VirtualAccount,EventData.TargetLinkedLogonId,EventData.ElevatedToken
Microsoft-Windows-Eventlog,{fc65ddd8-d6ef-4962-83d5-6e5cfe9ce148},1102,,1,4,104,0,0x4020000000000000,2025-12-01 13:39:40.295996+00:00,527761,,,1244,1404,Security,DESKTOP-40HV17C,,,S-1-5-21-40032278-2919576402-3266025375-1001,Thesis,DESKTOP-40HV17C,0x0000000000046c03,3076,10696049115005152,,,,,,,,,,,,,,,,,,,,,,,,,,,,,,,,,,,,,,,,,,,,,,,,
Microsoft-Windows-Security-Auditing,{54849625-5478-4994-a5ba-3e3b0328c30d},4690,,0,0,12807,0,0x8020000000000000,2025-12-01 13:39:41.093016+00:00,527762,,,4,7608,Security,DESKTOP-40HV17C,,,,,,,,,S-1-5-18,DESKTOP-40HV17C$,WORKGROUP,0x00000000000003e7,0x0000000000000f18,0x0000000000000a44,0x00000000000031c4,0x0000000000000004,,,,,,,,,,,,,,,,,,,,,,,,,,,,,,,,,,,,,,,,
Microsoft-Windows-Security-Auditing,{54849625-5478-4994-a5ba-3e3b0328c30d},4658,,0,0,12801,0,0x8020000000000000,2025-12-01 13:39:41.093025+00:00,527763,,,4,7608,Security,DESKTOP-40HV17C,,,,,,,,,S-1-5-18,DESKTOP-40HV17C$,WORKGROUP,0x00000000000003e7,,,,,Security,0x00000000000031c4,0x0000000000000a44,C:\Windows\System32\CompatTelRunner.exe,,,,,,,,,,,,,,,,,,,,,,,,,,,,,,,,,,,,
Microsoft-Windows-Security-Auditing,{54849625-5478-4994-a5ba-3e3b0328c30d},4656,,1,0,12801,0,0x8020000000000000,2025-12-01 13:39:41.093039+00:00,527764,,,4,7608,Security,DESKTOP-40HV17C,,,,,,,,,S-1-5-18,DESKTOP-40HV17C$,WORKGROUP,0x00000000000003e7,,,,,Security,0x0000000000000f18,0x0000000000000a44,C:\Windows\System32\CompatTelRunner.exe,Key,\REGISTRY\MACHINE\SOFTWARE\Microsoft\Windows\CurrentVersion\Run,{00000000-0000-0000-0000-000000000000},"%%1538
				%%4432
				%%4435
				%%4436",-,0x00020019,-,0,-,,,,,,,,,,,,,,,,,,,,,,,,,,,
Microsoft-Windows-Security-Auditing,{54849625-5478-4994-a5ba-3e3b0328c30d},4658,,0,0,12801,0,0x8020000000000000,2025-12-01 13:39:41.093042+00:00,527765,,,4,7608,Security,DESKTOP-40HV17C,,,,,,,,,S-1-5-18,DESKTOP-40HV17C$,WORKGROUP,0x00000000000003e7,,,,,Security,0x0000000000000f18,0x0000000000000a44,C:\Windows\System32\CompatTelRunner.exe,,,,,,,,,,,,,,,,,,,,,,,,,,,,,,,,,,,,
Microsoft-Windows-Security-Auditing,{54849625-5478-4994-a5ba-3e3b0328c30d},4690,,0,0,12807,0,0x8020000000000000,2025-12-01 13:39:41.097698+00:00,527766,,,4,7608,Security,DESKTOP-40HV17C,,,,,,,,,S-1-5-18,DESKTOP-40HV17C$,WORKGROUP,0x00000000000003e7,0x0000000000000bec,0x0000000000000a44,0x00000000000031c4,0x0000000000000004,,,,,,,,,,,,,,,,,,,,,,,,,,,,,,,,,,,,,,,,
Microsoft-Windows-Security-Auditing,{54849625-5478-4994-a5ba-3e3b0328c30d},4658,,0,0,12801,0,0x8020000000000000,2025-12-01 13:39:41.097704+00:00,527767,,,4,7608,Security,DESKTOP-40HV17C,,,,,,,,,S-1-5-18,DESKTOP-40HV17C$,WORKGROUP,0x00000000000003e7,,,,,Security,0x00000000000031c4,0x0000000000000a44,C:\Windows\System32\CompatTelRunner.exe,,,,,,,,,,,,,,,,,,,,,,,,,,,,,,,,,,,,
Microsoft-Windows-Security-Auditing,{54849625-5478-4994-a5ba-3e3b0328c30d},4656,,1,0,12801,0,0x8020000000000000,2025-12-01 13:39:41.097710+00:00,527768,,,4,7608,Security,DESKTOP-40HV17C,,,,,,,,,S-1-5-18,DESKTOP-40HV17C$,WORKGROUP,0x00000000000003e7,,,,,Security,0x0000000000000bec,0x0000000000000a44,C:\Windows\System32\CompatTelRunner.exe,Key,\REGISTRY\MACHINE\SOFTWARE\Microsoft\Windows\CurrentVersion\Run,{00000000-0000-0000-0000-000000000000},"%%1538
				%%4432
				%%4435
				%%4436",-,0x00020019,-,0,-,,,,,,,,,,,,,,,,,,,,,,,,,,,
Microsoft-Windows-Security-Auditing,{54849625-5478-4994-a5ba-3e3b0328c30d},4658,,0,0,12801,0,0x8020000000000000,2025-12-01 13:39:41.097712+00:00,527769,,,4,7608,Security,DESKTOP-40HV17C,,,,,,,,,S-1-5-18,DESKTOP-40HV17C$,WORKGROUP,0x00000000000003e7,,,,,Security,0x0000000000000bec,0x0000000000000a44,C:\Windows\System32\CompatTelRunner.exe,,,,,,,,,,,,,,,,,,,,,,,,,,,,,,,,,,,,
Microsoft-Windows-Security-Auditing,{54849625-5478-4994-a5ba-3e3b0328c30d},4688,,2,0,13312,0,0x8020000000000000,2025-12-01 13:39:41.425528+00:00,527770,,,4,7608,Security,DESKTOP-40HV17C,,,,,,,,,S-1-5-21-40032278-2919576402-3266025375-1001,Thesis,DESKTOP-40HV17C,0x0000000000046c2f,,,,,,,0x0000000000001cc4,,,,,,,,,,,0x000000000000269c,C:\Program Files (x86)\Microsoft\Edge\Application\msedge.exe,%%1938,"""C:\Program Files (x86)\Microsoft\Edge\Application\msedge.exe"" --type=utility --utility-sub-type=asset_store.mojom.AssetStoreService --lang=en-US --service-sandbox-type=asset_store_service --always-read-main-dll --metrics-shmem-handle=6060,i,968706163880334919,12995108994147436968,524288 --field-trial-handle=2372,i,13162257955122762025,4332410033794861740,262144 --variations-seed-version --trace-process-track-uuid=3190709000367499229 --mojo-platform-channel-handle=5312 /prefetch:8",S-1-0-0,-,-,0x0000000000000000,C:\Program Files (x86)\Microsoft\Edge\Application\msedge.exe,S-1-16-4096,,,,,,,,,,,,,,,,,
Microsoft-Windows-Security-Auditing,{54849625-5478-4994-a5ba-3e3b0328c30d},4688,,2,0,13312,0,0x8020000000000000,2025-12-01 13:39:45.653427+00:00,527771,,,4,328,Security,DESKTOP-40HV17C,,,,,,,,,S-1-5-18,DESKTOP-40HV17C$,WORKGROUP,0x00000000000003e7,,,,,,,0x00000000000004c8,,,,,,,,,,,0x0000000000000304,C:\Program Files (x86)\Microsoft\EdgeUpdate\MicrosoftEdgeUpdate.exe,%%1936,"""C:\Program Files (x86)\Microsoft\EdgeUpdate\MicrosoftEdgeUpdate.exe"" /c",S-1-0-0,-,-,0x0000000000000000,C:\Windows\System32\svchost.exe,S-1-16-16384,,,,,,,,,,,,,,,,,
Microsoft-Windows-Security-Auditing,{54849625-5478-4994-a5ba-3e3b0328c30d},4624,,2,0,12544,0,0x8020000000000000,2025-12-01 13:39:46.590616+00:00,527772,{3e0544ed-62c7-0000-4c45-053ec762dc01},,732,844,Security,DESKTOP-40HV17C,,,,,,,,,S-1-5-21-40032278-2919576402-3266025375-1001,Thesis,DESKTOP-40HV17C,0x0000000000046c03,,,,,,,0x0000000000002770,C:\Windows\System32\WindowsPowerShell\v1.0\powershell.exe,,,,,,,,,,,,,,S-1-5-21-40032278-2919576402-3266025375-1001,Thesis,DESKTOP-40HV17C,0x000000000025dcbd,,,2,Advapi,Negotiate,DESKTOP-40HV17C,{00000000-0000-0000-0000-000000000000},-,-,0,-,-,%%1833,-,-,-,%%1843,0x000000000025dcdb,%%1842
Microsoft-Windows-Security-Auditing,{54849625-5478-4994-a5ba-3e3b0328c30d},4624,,2,0,12544,0,0x8020000000000000,2025-12-01 13:39:46.590630+00:00,527773,{3e0544ed-62c7-0000-4c45-053ec762dc01},,732,844,Security,DESKTOP-40HV17C,,,,,,,,,S-1-5-21-40032278-2919576402-3266025375-1001,Thesis,DESKTOP-40HV17C,0x0000000000046c03,,,,,,,0x0000000000002770,C:\Windows\System32\WindowsPowerShell\v1.0\powershell.exe,,,,,,,,,,,,,,S-1-5-21-40032278-2919576402-3266025375-1001,Thesis,DESKTOP-40HV17C,0x000000000025dcdb,,,2,Advapi,Negotiate,DESKTOP-40HV17C,{00000000-0000-0000-0000-000000000000},-,-,0,-,-,%%1833,-,-,-,%%1843,0x000000000025dcbd,%%1843
Microsoft-Windows-Security-Auditing,{54849625-5478-4994-a5ba-3e3b0328c30d},4672,,0,0,12548,0,0x8020000000000000,2025-12-01 13:39:46.590635+00:00,527774,{3e0544ed-62c7-0000-4c45-053ec762dc01},,732,844,Security,DESKTOP-40HV17C,,,,,,,,,S-1-5-21-40032278-2919576402-3266025375-1001,Thesis,DESKTOP-40HV17C,0x000000000025dcbd,,,,,,,,,,,,,,,"SeSecurityPrivilege
			SeTakeOwnershipPrivilege
			SeLoadDriverPrivilege
			SeBackupPrivilege
			SeRestorePrivilege
			SeDebugPrivilege
			SeSystemEnvironmentPrivilege
			SeImpersonatePrivilege
			SeDelegateSessionUserImpersonatePrivilege",,,,,,,,,,,,,,,,,,,,,,,,,,,,,
Microsoft-Windows-Security-Auditing,{54849625-5478-4994-a5ba-3e3b0328c30d},4688,,2,0,13312,0,0x8020000000000000,2025-12-01 13:39:50.421743+00:00,527775,,,4,7568,Security,DESKTOP-40HV17C,,,,,,,,,S-1-5-18,DESKTOP-40HV17C$,WORKGROUP,0x00000000000003e7,,,,,,,0x0000000000000ad8,,,,,,,,,,,0x0000000000000e78,C:\Windows\System32\wbem\WMIADAP.exe,%%1936,wmiadap.exe /F /T /R,S-1-0-0,-,-,0x0000000000000000,C:\Windows\System32\svchost.exe,S-1-16-16384,,,,,,,,,,,,,,,,,
Microsoft-Windows-Security-Auditing,{54849625-5478-4994-a5ba-3e3b0328c30d},4690,,0,0,12807,0,0x8020000000000000,2025-12-01 13:39:50.497702+00:00,527776,,,4,7568,Security,DESKTOP-40HV17C,,,,,,,,,S-1-5-18,DESKTOP-40HV17C$,WORKGROUP,0x00000000000003e7,0x0000000000000330,0x0000000000000a44,0x0000000000001d0c,0x0000000000000004,,,,,,,,,,,,,,,,,,,,,,,,,,,,,,,,,,,,,,,,
Microsoft-Windows-Security-Auditing,{54849625-5478-4994-a5ba-3e3b0328c30d},4658,,0,0,12800,0,0x8020000000000000,2025-12-01 13:39:50.497707+00:00,527777,,,4,7568,Security,DESKTOP-40HV17C,,,,,,,,,S-1-5-18,DESKTOP-40HV17C$,WORKGROUP,0x00000000000003e7,,,,,Security,0x0000000000001d0c,0x0000000000000a44,C:\Windows\System32\CompatTelRunner.exe,,,,,,,,,,,,,,,,,,,,,,,,,,,,,,,,,,,,
Microsoft-Windows-Security-Auditing,{54849625-5478-4994-a5ba-3e3b0328c30d},4656,,1,0,12800,0,0x8020000000000000,2025-12-01 13:39:50.497746+00:00,527778,,,4,7568,Security,DESKTOP-40HV17C,,,,,,,,,S-1-5-18,DESKTOP-40HV17C$,WORKGROUP,0x00000000000003e7,,,,,Security,0x0000000000000330,0x0000000000000a44,C:\Windows\System32\CompatTelRunner.exe,File,C:\Windows\WinSxS\FileMaps\program_files_windows_defender_3e33901162166ae9.cdf-ms,{00000000-0000-0000-0000-000000000000},"%%1538
				%%1541
				%%4416
				%%4419
				%%4423","%%1538:	%%1801	D:(A;;0x1200a9;;;BA)
				%%1541:	%%1801	D:(A;;0x1200a9;;;BA)
				%%4416:	%%1801	D:(A;;0x1200a9;;;BA)
				%%4419:	%%1801	D:(A;;0x1200a9;;;BA)
				%%4423:	%%1801	D:(A;;0x1200a9;;;BA)",0x00120089,-,0,-,,,,,,,,,,,,,,,,,,,,,,,,,,,
Microsoft-Windows-Security-Auditing,{54849625-5478-4994-a5ba-3e3b0328c30d},4658,,0,0,12800,0,0x8020000000000000,2025-12-01 13:39:50.497747+00:00,527779,,,4,7568,Security,DESKTOP-40HV17C,,,,,,,,,S-1-5-18,DESKTOP-40HV17C$,WORKGROUP,0x00000000000003e7,,,,,Security,0x0000000000000330,0x0000000000000a44,C:\Windows\System32\CompatTelRunner.exe,,,,,,,,,,,,,,,,,,,,,,,,,,,,,,,,,,,,
Microsoft-Windows-Security-Auditing,{54849625-5478-4994-a5ba-3e3b0328c30d},4634,,0,0,12545,0,0x8020000000000000,2025-12-01 13:39:51.631582+00:00,527780,,,732,768,Security,DESKTOP-40HV17C,,,,,,,,,,,,,,,,,,,,,,,,,,,,,,,,,,S-1-5-21-40032278-2919576402-3266025375-1001,Thesis,DESKTOP-40HV17C,0x000000000025dcdb,,,2,,,,,,,,,,,,,,,,
Microsoft-Windows-Security-Auditing,{54849625-5478-4994-a5ba-3e3b0328c30d},4634,,0,0,12545,0,0x8020000000000000,2025-12-01 13:39:51.632072+00:00,527781,,,732,768,Security,DESKTOP-40HV17C,,,,,,,,,,,,,,,,,,,,,,,,,,,,,,,,,,S-1-5-21-40032278-2919576402-3266025375-1001,Thesis,DESKTOP-40HV17C,0x000000000025dcbd,,,2,,,,,,,,,,,,,,,,
Microsoft-Windows-Security-Auditing,{54849625-5478-4994-a5ba-3e3b0328c30d},4688,,2,0,13312,0,0x8020000000000000,2025-12-01 13:40:49.024372+00:00,527782,,,4,7608,Security,DESKTOP-40HV17C,,,,,,,,,S-1-5-18,DESKTOP-40HV17C$,WORKGROUP,0x00000000000003e7,,,,,,,0x00000000000004c8,,,,,,,,,,,0x0000000000001300,C:\Windows\System32\taskhostw.exe,%%1936,taskhostw.exe SBServicing,S-1-0-0,-,-,0x0000000000000000,C:\Windows\System32\svchost.exe,S-1-16-16384,,,,,,,,,,,,,,,,,
Microsoft-Windows-Security-Auditing,{54849625-5478-4994-a5ba-3e3b0328c30d},4690,,0,0,12807,0,0x8020000000000000,2025-12-01 13:40:49.249720+00:00,527783,,,4,328,Security,DESKTOP-40HV17C,,,,,,,,,S-1-5-18,DESKTOP-40HV17C$,WORKGROUP,0x00000000000003e7,0x0000000000000360,0x0000000000001300,0x0000000000001cb8,0x0000000000000004,,,,,,,,,,,,,,,,,,,,,,,,,,,,,,,,,,,,,,,,
Microsoft-Windows-Security-Auditing,{54849625-5478-4994-a5ba-3e3b0328c30d},4658,,0,0,12801,0,0x8020000000000000,2025-12-01 13:40:49.249830+00:00,527784,,,4,328,Security,DESKTOP-40HV17C,,,,,,,,,S-1-5-18,DESKTOP-40HV17C$,WORKGROUP,0x00000000000003e7,,,,,Security,0x0000000000001cb8,0x0000000000001300,C:\Windows\System32\taskhostw.exe,,,,,,,,,,,,,,,,,,,,,,,,,,,,,,,,,,,,
Microsoft-Windows-Security-Auditing,{54849625-5478-4994-a5ba-3e3b0328c30d},4656,,1,0,12801,0,0x8020000000000000,2025-12-01 13:40:49.249842+00:00,527785,,,4,328,Security,DESKTOP-40HV17C,,,,,,,,,S-1-5-18,DESKTOP-40HV17C$,WORKGROUP,0x00000000000003e7,,,,,Security,0x0000000000000360,0x0000000000001300,C:\Windows\System32\taskhostw.exe,Key,\REGISTRY\MACHINE\SOFTWARE\Microsoft\SystemCertificates\ROOT\Certificates,{00000000-0000-0000-0000-000000000000},"%%1537
				%%1538
				%%4432
				%%4433
				%%4434
				%%4435
				%%4436",-,0x0003001f,-,0,-,,,,,,,,,,,,,,,,,,,,,,,,,,,
Microsoft-Windows-Security-Auditing,{54849625-5478-4994-a5ba-3e3b0328c30d},4658,,0,0,12801,0,0x8020000000000000,2025-12-01 13:40:49.249844+00:00,527786,,,4,328,Security,DESKTOP-40HV17C,,,,,,,,,S-1-5-18,DESKTOP-40HV17C$,WORKGROUP,0x00000000000003e7,,,,,Security,0x0000000000000360,0x0000000000001300,C:\Windows\System32\taskhostw.exe,,,,,,,,,,,,,,,,,,,,,,,,,,,,,,,,,,,,
Microsoft-Windows-Security-Auditing,{54849625-5478-4994-a5ba-3e3b0328c30d},4690,,0,0,12807,0,0x8020000000000000,2025-12-01 13:40:49.250563+00:00,527787,,,4,328,Security,DESKTOP-40HV17C,,,,,,,,,S-1-5-18,DESKTOP-40HV17C$,WORKGROUP,0x00000000000003e7,0x0000000000000364,0x0000000000001300,0x0000000000001cb8,0x0000000000000004,,,,,,,,,,,,,,,,,,,,,,,,,,,,,,,,,,,,,,,,
Microsoft-Windows-Security-Auditing,{54849625-5478-4994-a5ba-3e3b0328c30d},4658,,0,0,12801,0,0x8020000000000000,2025-12-01 13:40:49.250566+00:00,527788,,,4,328,Security,DESKTOP-40HV17C,,,,,,,,,S-1-5-18,DESKTOP-40HV17C$,WORKGROUP,0x00000000000003e7,,,,,Security,0x0000000000001cb8,0x0000000000001300,C:\Windows\System32\taskhostw.exe,,,,,,,,,,,,,,,,,,,,,,,,,,,,,,,,,,,,
Microsoft-Windows-Security-Auditing,{54849625-5478-4994-a5ba-3e3b0328c30d},4656,,1,0,12801,0,0x8020000000000000,2025-12-01 13:40:49.250570+00:00,527789,,,4,328,Security,DESKTOP-40HV17C,,,,,,,,,S-1-5-18,DESKTOP-40HV17C$,WORKGROUP,0x00000000000003e7,,,,,Security,0x0000000000000364,0x0000000000001300,C:\Windows\System32\taskhostw.exe,Key,\REGISTRY\MACHINE\SOFTWARE\Policies\Microsoft\SystemCertificates\Root\Certificates,{00000000-0000-0000-0000-000000000000},"%%1537
				%%1538
				%%4432
				%%4433
				%%4434
				%%4435
				%%4436",-,0x0003001f,-,0,-,,,,,,,,,,,,,,,,,,,,,,,,,,,
Microsoft-Windows-Security-Auditing,{54849625-5478-4994-a5ba-3e3b0328c30d},4658,,0,0,12801,0,0x8020000000000000,2025-12-01 13:40:49.250677+00:00,527790,,,4,328,Security,DESKTOP-40HV17C,,,,,,,,,S-1-5-18,DESKTOP-40HV17C$,WORKGROUP,0x00000000000003e7,,,,,Security,0x0000000000000364,0x0000000000001300,C:\Windows\System32\taskhostw.exe,,,,,,,,,,,,,,,,,,,,,,,,,,,,,,,,,,,,
Microsoft-Windows-Security-Auditing,{54849625-5478-4994-a5ba-3e3b0328c30d},4690,,0,0,12807,0,0x8020000000000000,2025-12-01 13:40:49.250677+00:00,527791,,,4,328,Security,DESKTOP-40HV17C,,,,,,,,,S-1-5-18,DESKTOP-40HV17C$,WORKGROUP,0x00000000000003e7,0x0000000000000368,0x0000000000001300,0x0000000000001cb4,0x0000000000000004,,,,,,,,,,,,,,,,,,,,,,,,,,,,,,,,,,,,,,,,
Microsoft-Windows-Security-Auditing,{54849625-5478-4994-a5ba-3e3b0328c30d},4658,,0,0,12801,0,0x8020000000000000,2025-12-01 13:40:49.250681+00:00,527792,,,4,328,Security,DESKTOP-40HV17C,,,,,,,,,S-1-5-18,DESKTOP-40HV17C$,WORKGROUP,0x00000000000003e7,,,,,Security,0x0000000000001cb4,0x0000000000001300,C:\Windows\System32\taskhostw.exe,,,,,,,,,,,,,,,,,,,,,,,,,,,,,,,,,,,,
Microsoft-Windows-Security-Auditing,{54849625-5478-4994-a5ba-3e3b0328c30d},4656,,1,0,12801,0,0x8020000000000000,2025-12-01 13:40:49.250685+00:00,527793,,,4,328,Security,DESKTOP-40HV17C,,,,,,,,,S-1-5-18,DESKTOP-40HV17C$,WORKGROUP,0x00000000000003e7,,,,,Security,0x0000000000000368,0x0000000000001300,C:\Windows\System32\taskhostw.exe,Key,\REGISTRY\MACHINE\SOFTWARE\Microsoft\EnterpriseCertificates\Root\Certificates,{00000000-0000-0000-0000-000000000000},"%%1537
				%%1538
				%%4432
				%%4433
				%%4434
				%%4435
				%%4436",-,0x0003001f,-,0,-,,,,,,,,,,,,,,,,,,,,,,,,,,,
Microsoft-Windows-Security-Auditing,{54849625-5478-4994-a5ba-3e3b0328c30d},4658,,0,0,12801,0,0x8020000000000000,2025-12-01 13:40:49.250689+00:00,527794,,,4,328,Security,DESKTOP-40HV17C,,,,,,,,,S-1-5-18,DESKTOP-40HV17C$,WORKGROUP,0x00000000000003e7,,,,,Security,0x0000000000000368,0x0000000000001300,C:\Windows\System32\taskhostw.exe,,,,,,,,,,,,,,,,,,,,,,,,,,,,,,,,,,,,
Microsoft-Windows-Security-Auditing,{54849625-5478-4994-a5ba-3e3b0328c30d},4688,,2,0,13312,0,0x8020000000000000,2025-12-01 13:40:57.838005+00:00,527795,,,4,7584,Security,DESKTOP-40HV17C,,,,,,,,,S-1-5-18,DESKTOP-40HV17C$,WORKGROUP,0x00000000000003e7,,,,,,,0x0000000000000a60,,,,,,,,,,,0x0000000000001228,C:\Windows\System32\CompatTelRunner.exe,%%1936,C:\Windows\system32\CompatTelRunner.exe -m:appraiser.dll -f:UpdateAvStatus -cv:8j/ooiic00WkqB9C.3,S-1-0-0,-,-,0x0000000000000000,C:\Windows\System32\CompatTelRunner.exe,S-1-16-16384,,,,,,,,,,,,,,,,,
Microsoft-Windows-Security-Auditing,{54849625-5478-4994-a5ba-3e3b0328c30d},4688,,2,0,13312,0,0x8020000000000000,2025-12-01 13:40:57.958481+00:00,527796,,,4,7584,Security,DESKTOP-40HV17C,,,,,,,,,S-1-5-18,DESKTOP-40HV17C$,WORKGROUP,0x00000000000003e7,,,,,,,0x0000000000000a60,,,,,,,,,,,0x0000000000001908,C:\Windows\System32\CompatTelRunner.exe,%%1936,C:\Windows\system32\CompatTelRunner.exe -m:aemarebackup.dll -f:BackupMareData -cv:8j/ooiic00WkqB9C.6,S-1-0-0,-,-,0x0000000000000000,C:\Windows\System32\CompatTelRunner.exe,S-1-16-16384,,,,,,,,,,,,,,,,,
Microsoft-Windows-Security-Auditing,{54849625-5478-4994-a5ba-3e3b0328c30d},4624,,2,0,12544,0,0x8020000000000000,2025-12-01 13:40:58.019093+00:00,527797,{3e0544ed-62c7-0000-4c45-053ec762dc01},,732,2496,Security,DESKTOP-40HV17C,,,,,,,,,S-1-5-18,DESKTOP-40HV17C$,WORKGROUP,0x00000000000003e7,,,,,,,0x00000000000002c4,C:\Windows\System32\services.exe,,,,,,,,,,,,,,S-1-5-18,SYSTEM,NT AUTHORITY,0x00000000000003e7,,,5,Advapi,Negotiate,-,{00000000-0000-0000-0000-000000000000},-,-,0,-,-,%%1833,-,-,-,%%1843,0x0000000000000000,%%1842
Microsoft-Windows-Security-Auditing,{54849625-5478-4994-a5ba-3e3b0328c30d},4672,,0,0,12548,0,0x8020000000000000,2025-12-01 13:40:58.019100+00:00,527798,{3e0544ed-62c7-0000-4c45-053ec762dc01},,732,2496,Security,DESKTOP-40HV17C,,,,,,,,,S-1-5-18,SYSTEM,NT AUTHORITY,0x00000000000003e7,,,,,,,,,,,,,,,"SeAssignPrimaryTokenPrivilege
			SeTcbPrivilege
			SeSecurityPrivilege
			SeTakeOwnershipPrivilege
			SeLoadDriverPrivilege
			SeBackupPrivilege
			SeRestorePrivilege
			SeDebugPrivilege
			SeAuditPrivilege
			SeSystemEnvironmentPrivilege
			SeImpersonatePrivilege
			SeDelegateSessionUserImpersonatePrivilege",,,,,,,,,,,,,,,,,,,,,,,,,,,,,
Microsoft-Windows-Security-Auditing,{54849625-5478-4994-a5ba-3e3b0328c30d},4688,,2,0,13312,0,0x8020000000000000,2025-12-01 13:40:58.022234+00:00,527799,,,4,7608,Security,DESKTOP-40HV17C,,,,,,,,,S-1-5-18,DESKTOP-40HV17C$,WORKGROUP,0x00000000000003e7,,,,,,,0x00000000000002c4,,,,,,,,,,,0x000000000000091c,C:\Windows\System32\svchost.exe,%%1936,C:\Windows\system32\svchost.exe -k netsvcs -p -s wisvc,S-1-0-0,-,-,0x0000000000000000,C:\Windows\System32\services.exe,S-1-16-16384,,,,,,,,,,,,,,,,,
Microsoft-Windows-Security-Auditing,{54849625-5478-4994-a5ba-3e3b0328c30d},4688,,2,0,13312,0,0x8020000000000000,2025-12-01 13:40:58.288486+00:00,527800,,,4,7728,Security,DESKTOP-40HV17C,,,,,,,,,S-1-5-18,DESKTOP-40HV17C$,WORKGROUP,0x00000000000003e7,,,,,,,0x0000000000000350,,,,,,,,,,,0x00000000000018b0,C:\Windows\System32\backgroundTaskHost.exe,%%1938,"""C:\Windows\system32\BackgroundTaskHost.exe"" -ServerName:BackgroundTaskHost.WebAccountProvider",S-1-5-21-40032278-2919576402-3266025375-1001,Thesis,DESKTOP-40HV17C,0x0000000000046c2f,C:\Windows\System32\svchost.exe,S-1-16-4096,,,,,,,,,,,,,,,,,
Microsoft-Windows-Security-Auditing,{54849625-5478-4994-a5ba-3e3b0328c30d},4690,,0,0,12807,0,0x8020000000000000,2025-12-01 13:40:58.724174+00:00,527801,,,4,7584,Security,DESKTOP-40HV17C,,,,,,,,,S-1-5-21-40032278-2919576402-3266025375-1001,Thesis,DESKTOP-40HV17C,0x0000000000046c03,0x0000000000000a68,0x0000000000000c04,0x0000000000001bf4,0x0000000000000004,,,,,,,,,,,,,,,,,,,,,,,,,,,,,,,,,,,,,,,,
Microsoft-Windows-Security-Auditing,{54849625-5478-4994-a5ba-3e3b0328c30d},4658,,0,0,12801,0,0x8020000000000000,2025-12-01 13:40:58.724339+00:00,527802,,,4,7584,Security,DESKTOP-40HV17C,,,,,,,,,S-1-5-21-40032278-2919576402-3266025375-1001,Thesis,DESKTOP-40HV17C,0x0000000000046c03,,,,,Security,0x0000000000001bf4,0x0000000000000c04,C:\Windows\System32\mmc.exe,,,,,,,,,,,,,,,,,,,,,,,,,,,,,,,,,,,,
Microsoft-Windows-Security-Auditing,{54849625-5478-4994-a5ba-3e3b0328c30d},4656,,1,0,12801,0,0x8020000000000000,2025-12-01 13:40:58.724632+00:00,527803,,,4,7584,Security,DESKTOP-40HV17C,,,,,,,,,S-1-5-21-40032278-2919576402-3266025375-1001,Thesis,DESKTOP-40HV17C,0x0000000000046c03,,,,,Security,0x0000000000000a68,0x0000000000000c04,C:\Windows\System32\mmc.exe,Key,\REGISTRY\MACHINE\SOFTWARE\Microsoft\Windows\CurrentVersion\Explorer\User Shell Folders,{00000000-0000-0000-0000-000000000000},"%%1538
				%%4432
				%%4435
				%%4436",-,0x00020019,-,0,-,,,,,,,,,,,,,,,,,,,,,,,,,,,
Microsoft-Windows-Security-Auditing,{54849625-5478-4994-a5ba-3e3b0328c30d},4658,,0,0,12801,0,0x8020000000000000,2025-12-01 13:40:58.726231+00:00,527804,,,4,7584,Security,DESKTOP-40HV17C,,,,,,,,,S-1-5-21-40032278-2919576402-3266025375-1001,Thesis,DESKTOP-40HV17C,0x0000000000046c03,,,,,Security,0x0000000000000a68,0x0000000000000c04,C:\Windows\System32\mmc.exe,,,,,,,,,,,,,,,,,,,,,,,,,,,,,,,,,,,,
Microsoft-Windows-Security-Auditing,{54849625-5478-4994-a5ba-3e3b0328c30d},4688,,2,0,13312,0,0x8020000000000000,2025-12-01 13:40:59.293163+00:00,527805,,,4,328,Security,DESKTOP-40HV17C,,,,,,,,,S-1-5-18,DESKTOP-40HV17C$,WORKGROUP,0x00000000000003e7,,,,,,,0x00000000000004c8,,,,,,,,,,,0x0000000000001994,C:\Windows\System32\taskhostw.exe,%%1936,taskhostw.exe,S-1-0-0,-,-,0x0000000000000000,C:\Windows\System32\svchost.exe,S-1-16-16384,,,,,,,,,,,,,,,,,
Microsoft-Windows-Security-Auditing,{54849625-5478-4994-a5ba-3e3b0328c30d},4688,,2,0,13312,0,0x8020000000000000,2025-12-01 13:40:59.772064+00:00,527806,,,4,7568,Security,DESKTOP-40HV17C,,,,,,,,,S-1-5-18,DESKTOP-40HV17C$,WORKGROUP,0x00000000000003e7,,,,,,,0x00000000000002c4,,,,,,,,,,,0x00000000000021a4,C:\Windows\System32\sppsvc.exe,%%1936,C:\Windows\system32\sppsvc.exe,S-1-0-0,DESKTOP-40HV17C$,WORKGROUP,0x00000000000003e4,C:\Windows\System32\services.exe,S-1-16-16384,,,,,,,,,,,,,,,,,
Microsoft-Windows-Security-Auditing,{54849625-5478-4994-a5ba-3e3b0328c30d},4690,,0,0,12807,0,0x8020000000000000,2025-12-01 13:40:59.976612+00:00,527807,,,4,7708,Security,DESKTOP-40HV17C,,,,,,,,,S-1-5-21-40032278-2919576402-3266025375-1001,Thesis,DESKTOP-40HV17C,0x0000000000046c03,0x0000000000000ae8,0x0000000000000c04,0x0000000000002434,0x0000000000000004,,,,,,,,,,,,,,,,,,,,,,,,,,,,,,,,,,,,,,,,
Microsoft-Windows-Security-Auditing,{54849625-5478-4994-a5ba-3e3b0328c30d},4658,,0,0,12801,0,0x8020000000000000,2025-12-01 13:40:59.976620+00:00,527808,,,4,7708,Security,DESKTOP-40HV17C,,,,,,,,,S-1-5-21-40032278-2919576402-3266025375-1001,Thesis,DESKTOP-40HV17C,0x0000000000046c03,,,,,Security,0x0000000000002434,0x0000000000000c04,C:\Windows\System32\mmc.exe,,,,,,,,,,,,,,,,,,,,,,,,,,,,,,,,,,,,
Microsoft-Windows-Security-Auditing,{54849625-5478-4994-a5ba-3e3b0328c30d},4656,,1,0,12801,0,0x8020000000000000,2025-12-01 13:40:59.976631+00:00,527809,,,4,7708,Security,DESKTOP-40HV17C,,,,,,,,,S-1-5-21-40032278-2919576402-3266025375-1001,Thesis,DESKTOP-40HV17C,0x0000000000046c03,,,,,Security,0x0000000000000ae8,0x0000000000000c04,C:\Windows\System32\mmc.exe,Key,\REGISTRY\MACHINE\SOFTWARE\Microsoft\Windows\CurrentVersion\Explorer\User Shell Folders,{00000000-0000-0000-0000-000000000000},"%%1538
				%%4432
				%%4435
				%%4436",-,0x00020019,-,0,-,,,,,,,,,,,,,,,,,,,,,,,,,,,
Microsoft-Windows-Security-Auditing,{54849625-5478-4994-a5ba-3e3b0328c30d},4658,,0,0,12801,0,0x8020000000000000,2025-12-01 13:40:59.976635+00:00,527810,,,4,7708,Security,DESKTOP-40HV17C,,,,,,,,,S-1-5-21-40032278-2919576402-3266025375-1001,Thesis,DESKTOP-40HV17C,0x0000000000046c03,,,,,Security,0x0000000000000ae8,0x0000000000000c04,C:\Windows\System32\mmc.exe,,,,,,,,,,,,,,,,,,,,,,,,,,,,,,,,,,,,
Microsoft-Windows-Security-Auditing,{54849625-5478-4994-a5ba-3e3b0328c30d},4688,,2,0,13312,0,0x8020000000000000,2025-12-01 13:41:01.807114+00:00,527811,,,4,32,Security,DESKTOP-40HV17C,,,,,,,,,S-1-5-18,DESKTOP-40HV17C$,WORKGROUP,0x00000000000003e7,,,,,,,0x00000000000004c8,,,,,,,,,,,0x0000000000001ba4,C:\Windows\System32\sc.exe,%%1936,"""C:\Windows\system32\sc.exe"" start pushtoinstall login",S-1-0-0,-,-,0x0000000000000000,C:\Windows\System32\svchost.exe,S-1-16-16384,,,,,,,,,,,,,,,,,
Microsoft-Windows-Security-Auditing,{54849625-5478-4994-a5ba-3e3b0328c30d},4688,,2,0,13312,0,0x8020000000000000,2025-12-01 13:41:01.815926+00:00,527812,,,4,7728,Security,DESKTOP-40HV17C,,,,,,,,,S-1-5-18,DESKTOP-40HV17C$,WORKGROUP,0x00000000000003e7,,,,,,,0x0000000000001ba4,,,,,,,,,,,0x0000000000001388,C:\Windows\System32\conhost.exe,%%1936,\??\C:\Windows\system32\conhost.exe 0xffffffff -ForceV1,S-1-0-0,-,-,0x0000000000000000,C:\Windows\System32\sc.exe,S-1-16-16384,,,,,,,,,,,,,,,,,
Microsoft-Windows-Security-Auditing,{54849625-5478-4994-a5ba-3e3b0328c30d},4624,,2,0,12544,0,0x8020000000000000,2025-12-01 13:41:01.878141+00:00,527813,{3e0544ed-62c7-0000-4c45-053ec762dc01},,732,768,Security,DESKTOP-40HV17C,,,,,,,,,S-1-5-18,DESKTOP-40HV17C$,WORKGROUP,0x00000000000003e7,,,,,,,0x00000000000002c4,C:\Windows\System32\services.exe,,,,,,,,,,,,,,S-1-5-18,SYSTEM,NT AUTHORITY,0x00000000000003e7,,,5,Advapi,Negotiate,-,{00000000-0000-0000-0000-000000000000},-,-,0,-,-,%%1833,-,-,-,%%1843,0x0000000000000000,%%1842
Microsoft-Windows-Security-Auditing,{54849625-5478-4994-a5ba-3e3b0328c30d},4672,,0,0,12548,0,0x8020000000000000,2025-12-01 13:41:01.878149+00:00,527814,{3e0544ed-62c7-0000-4c45-053ec762dc01},,732,768,Security,DESKTOP-40HV17C,,,,,,,,,S-1-5-18,SYSTEM,NT AUTHORITY,0x00000000000003e7,,,,,,,,,,,,,,,"SeAssignPrimaryTokenPrivilege
			SeTcbPrivilege
			SeSecurityPrivilege
			SeTakeOwnershipPrivilege
			SeLoadDriverPrivilege
			SeBackupPrivilege
			SeRestorePrivilege
			SeDebugPrivilege
			SeAuditPrivilege
			SeSystemEnvironmentPrivilege
			SeImpersonatePrivilege
			SeDelegateSessionUserImpersonatePrivilege",,,,,,,,,,,,,,,,,,,,,,,,,,,,,
Microsoft-Windows-Security-Auditing,{54849625-5478-4994-a5ba-3e3b0328c30d},4688,,2,0,13312,0,0x8020000000000000,2025-12-01 13:41:01.880222+00:00,527815,,,4,7568,Security,DESKTOP-40HV17C,,,,,,,,,S-1-5-18,DESKTOP-40HV17C$,WORKGROUP,0x00000000000003e7,,,,,,,0x00000000000002c4,,,,,,,,,,,0x0000000000000f90,C:\Windows\System32\svchost.exe,%%1936,C:\Windows\System32\svchost.exe -k netsvcs -p -s PushToInstall,S-1-0-0,-,-,0x0000000000000000,C:\Windows\System32\services.exe,S-1-16-16384,,,,,,,,,,,,,,,,,
Microsoft-Windows-Security-Auditing,{54849625-5478-4994-a5ba-3e3b0328c30d},4690,,0,0,12807,0,0x8020000000000000,2025-12-01 13:41:15.772182+00:00,527816,,,4,7608,Security,DESKTOP-40HV17C,,,,,,,,,S-1-5-21-40032278-2919576402-3266025375-1001,Thesis,DESKTOP-40HV17C,0x0000000000046c03,0x0000000000000d9c,0x0000000000000c04,0x0000000000002dd0,0x0000000000000004,,,,,,,,,,,,,,,,,,,,,,,,,,,,,,,,,,,,,,,,
Microsoft-Windows-Security-Auditing,{54849625-5478-4994-a5ba-3e3b0328c30d},4658,,0,0,12801,0,0x8020000000000000,2025-12-01 13:41:15.772192+00:00,527817,,,4,7608,Security,DESKTOP-40HV17C,,,,,,,,,S-1-5-21-40032278-2919576402-3266025375-1001,Thesis,DESKTOP-40HV17C,0x0000000000046c03,,,,,Security,0x0000000000002dd0,0x0000000000000c04,C:\Windows\System32\mmc.exe,,,,,,,,,,,,,,,,,,,,,,,,,,,,,,,,,,,,
Microsoft-Windows-Security-Auditing,{54849625-5478-4994-a5ba-3e3b0328c30d},4656,,1,0,12801,0,0x8020000000000000,2025-12-01 13:41:15.772202+00:00,527818,,,4,7608,Security,DESKTOP-40HV17C,,,,,,,,,S-1-5-21-40032278-2919576402-3266025375-1001,Thesis,DESKTOP-40HV17C,0x0000000000046c03,,,,,Security,0x0000000000000d9c,0x0000000000000c04,C:\Windows\System32\mmc.exe,Key,\REGISTRY\MACHINE\SOFTWARE\Microsoft\Windows\CurrentVersion\Explorer\User Shell Folders,{00000000-0000-0000-0000-000000000000},"%%1538
				%%4432
				%%4435
				%%4436",-,0x00020019,-,0,-,,,,,,,,,,,,,,,,,,,,,,,,,,,
Microsoft-Windows-Security-Auditing,{54849625-5478-4994-a5ba-3e3b0328c30d},4658,,0,0,12801,0,0x8020000000000000,2025-12-01 13:41:15.773130+00:00,527819,,,4,7608,Security,DESKTOP-40HV17C,,,,,,,,,S-1-5-21-40032278-2919576402-3266025375-1001,Thesis,DESKTOP-40HV17C,0x0000000000046c03,,,,,Security,0x0000000000000d9c,0x0000000000000c04,C:\Windows\System32\mmc.exe,,,,,,,,,,,,,,,,,,,,,,,,,,,,,,,,,,,,
Microsoft-Windows-Security-Auditing,{54849625-5478-4994-a5ba-3e3b0328c30d},4690,,0,0,12807,0,0x8020000000000000,2025-12-01 13:41:15.773134+00:00,527820,,,4,7608,Security,DESKTOP-40HV17C,,,,,,,,,S-1-5-21-40032278-2919576402-3266025375-1001,Thesis,DESKTOP-40HV17C,0x0000000000046c03,0x0000000000000d88,0x0000000000000c04,0x0000000000002dd0,0x0000000000000004,,,,,,,,,,,,,,,,,,,,,,,,,,,,,,,,,,,,,,,,
Microsoft-Windows-Security-Auditing,{54849625-5478-4994-a5ba-3e3b0328c30d},4658,,0,0,12801,0,0x8020000000000000,2025-12-01 13:41:15.773136+00:00,527821,,,4,7608,Security,DESKTOP-40HV17C,,,,,,,,,S-1-5-21-40032278-2919576402-3266025375-1001,Thesis,DESKTOP-40HV17C,0x0000000000046c03,,,,,Security,0x0000000000002dd0,0x0000000000000c04,C:\Windows\System32\mmc.exe,,,,,,,,,,,,,,,,,,,,,,,,,,,,,,,,,,,,
Microsoft-Windows-Security-Auditing,{54849625-5478-4994-a5ba-3e3b0328c30d},4656,,1,0,12801,0,0x8020000000000000,2025-12-01 13:41:15.773142+00:00,527822,,,4,7608,Security,DESKTOP-40HV17C,,,,,,,,,S-1-5-21-40032278-2919576402-3266025375-1001,Thesis,DESKTOP-40HV17C,0x0000000000046c03,,,,,Security,0x0000000000000d88,0x0000000000000c04,C:\Windows\System32\mmc.exe,Key,\REGISTRY\MACHINE\SOFTWARE\Microsoft\Windows\CurrentVersion\Explorer\User Shell Folders,{00000000-0000-0000-0000-000000000000},"%%1538
				%%4432
				%%4435
				%%4436",-,0x00020019,-,0,-,,,,,,,,,,,,,,,,,,,,,,,,,,,
Microsoft-Windows-Security-Auditing,{54849625-5478-4994-a5ba-3e3b0328c30d},4658,,0,0,12801,0,0x8020000000000000,2025-12-01 13:41:15.774208+00:00,527823,,,4,7608,Security,DESKTOP-40HV17C,,,,,,,,,S-1-5-21-40032278-2919576402-3266025375-1001,Thesis,DESKTOP-40HV17C,0x0000000000046c03,,,,,Security,0x0000000000000d88,0x0000000000000c04,C:\Windows\System32\mmc.exe,,,,,,,,,,,,,,,,,,,,,,,,,,,,,,,,,,,,
Microsoft-Windows-Security-Auditing,{54849625-5478-4994-a5ba-3e3b0328c30d},4690,,0,0,12807,0,0x8020000000000000,2025-12-01 13:41:15.774212+00:00,527824,,,4,7608,Security,DESKTOP-40HV17C,,,,,,,,,S-1-5-21-40032278-2919576402-3266025375-1001,Thesis,DESKTOP-40HV17C,0x0000000000046c03,0x0000000000000d80,0x0000000000000c04,0x0000000000002dd0,0x0000000000000004,,,,,,,,,,,,,,,,,,,,,,,,,,,,,,,,,,,,,,,,
Microsoft-Windows-Security-Auditing,{54849625-5478-4994-a5ba-3e3b0328c30d},4658,,0,0,12801,0,0x8020000000000000,2025-12-01 13:41:15.774214+00:00,527825,,,4,7608,Security,DESKTOP-40HV17C,,,,,,,,,S-1-5-21-40032278-2919576402-3266025375-1001,Thesis,DESKTOP-40HV17C,0x0000000000046c03,,,,,Security,0x0000000000002dd0,0x0000000000000c04,C:\Windows\System32\mmc.exe,,,,,,,,,,,,,,,,,,,,,,,,,,,,,,,,,,,,
Microsoft-Windows-Security-Auditing,{54849625-5478-4994-a5ba-3e3b0328c30d},4656,,1,0,12801,0,0x8020000000000000,2025-12-01 13:41:15.774218+00:00,527826,,,4,7608,Security,DESKTOP-40HV17C,,,,,,,,,S-1-5-21-40032278-2919576402-3266025375-1001,Thesis,DESKTOP-40HV17C,0x0000000000046c03,,,,,Security,0x0000000000000d80,0x0000000000000c04,C:\Windows\System32\mmc.exe,Key,\REGISTRY\MACHINE\SOFTWARE\Microsoft\Windows\CurrentVersion\Explorer\User Shell Folders,{00000000-0000-0000-0000-000000000000},"%%1538
				%%4432
				%%4435
				%%4436",-,0x00020019,-,0,-,,,,,,,,,,,,,,,,,,,,,,,,,,,
Microsoft-Windows-Security-Auditing,{54849625-5478-4994-a5ba-3e3b0328c30d},4658,,0,0,12801,0,0x8020000000000000,2025-12-01 13:41:15.775009+00:00,527827,,,4,7608,Security,DESKTOP-40HV17C,,,,,,,,,S-1-5-21-40032278-2919576402-3266025375-1001,Thesis,DESKTOP-40HV17C,0x0000000000046c03,,,,,Security,0x0000000000000d80,0x0000000000000c04,C:\Windows\System32\mmc.exe,,,,,,,,,,,,,,,,,,,,,,,,,,,,,,,,,,,,
Microsoft-Windows-Security-Auditing,{54849625-5478-4994-a5ba-3e3b0328c30d},4690,,0,0,12807,0,0x8020000000000000,2025-12-01 13:41:15.775013+00:00,527828,,,4,7608,Security,DESKTOP-40HV17C,,,,,,,,,S-1-5-21-40032278-2919576402-3266025375-1001,Thesis,DESKTOP-40HV17C,0x0000000000046c03,0x0000000000000d9c,0x0000000000000c04,0x0000000000002dd0,0x0000000000000004,,,,,,,,,,,,,,,,,,,,,,,,,,,,,,,,,,,,,,,,
Microsoft-Windows-Security-Auditing,{54849625-5478-4994-a5ba-3e3b0328c30d},4658,,0,0,12801,0,0x8020000000000000,2025-12-01 13:41:15.775013+00:00,527829,,,4,7608,Security,DESKTOP-40HV17C,,,,,,,,,S-1-5-21-40032278-2919576402-3266025375-1001,Thesis,DESKTOP-40HV17C,0x0000000000046c03,,,,,Security,0x0000000000002dd0,0x0000000000000c04,C:\Windows\System32\mmc.exe,,,,,,,,,,,,,,,,,,,,,,,,,,,,,,,,,,,,
Microsoft-Windows-Security-Auditing,{54849625-5478-4994-a5ba-3e3b0328c30d},4656,,1,0,12801,0,0x8020000000000000,2025-12-01 13:41:15.775017+00:00,527830,,,4,7608,Security,DESKTOP-40HV17C,,,,,,,,,S-1-5-21-40032278-2919576402-3266025375-1001,Thesis,DESKTOP-40HV17C,0x0000000000046c03,,,,,Security,0x0000000000000d9c,0x0000000000000c04,C:\Windows\System32\mmc.exe,Key,\REGISTRY\MACHINE\SOFTWARE\Microsoft\Windows\CurrentVersion\Explorer\User Shell Folders,{00000000-0000-0000-0000-000000000000},"%%1538
				%%4432
				%%4435
				%%4436",-,0x00020019,-,0,-,,,,,,,,,,,,,,,,,,,,,,,,,,,
Microsoft-Windows-Security-Auditing,{54849625-5478-4994-a5ba-3e3b0328c30d},4658,,0,0,12801,0,0x8020000000000000,2025-12-01 13:41:15.775940+00:00,527831,,,4,7608,Security,DESKTOP-40HV17C,,,,,,,,,S-1-5-21-40032278-2919576402-3266025375-1001,Thesis,DESKTOP-40HV17C,0x0000000000046c03,,,,,Security,0x0000000000000d9c,0x0000000000000c04,C:\Windows\System32\mmc.exe,,,,,,,,,,,,,,,,,,,,,,,,,,,,,,,,,,,,
Microsoft-Windows-Security-Auditing,{54849625-5478-4994-a5ba-3e3b0328c30d},4690,,0,0,12807,0,0x8020000000000000,2025-12-01 13:41:15.778742+00:00,527832,,,4,7608,Security,DESKTOP-40HV17C,,,,,,,,,S-1-5-21-40032278-2919576402-3266025375-1001,Thesis,DESKTOP-40HV17C,0x0000000000046c03,0x0000000000000d9c,0x0000000000000c04,0x0000000000002dd0,0x0000000000000004,,,,,,,,,,,,,,,,,,,,,,,,,,,,,,,,,,,,,,,,
Microsoft-Windows-Security-Auditing,{54849625-5478-4994-a5ba-3e3b0328c30d},4658,,0,0,12801,0,0x8020000000000000,2025-12-01 13:41:15.778751+00:00,527833,,,4,7608,Security,DESKTOP-40HV17C,,,,,,,,,S-1-5-21-40032278-2919576402-3266025375-1001,Thesis,DESKTOP-40HV17C,0x0000000000046c03,,,,,Security,0x0000000000002dd0,0x0000000000000c04,C:\Windows\System32\mmc.exe,,,,,,,,,,,,,,,,,,,,,,,,,,,,,,,,,,,,
Microsoft-Windows-Security-Auditing,{54849625-5478-4994-a5ba-3e3b0328c30d},4656,,1,0,12801,0,0x8020000000000000,2025-12-01 13:41:15.778765+00:00,527834,,,4,7608,Security,DESKTOP-40HV17C,,,,,,,,,S-1-5-21-40032278-2919576402-3266025375-1001,Thesis,DESKTOP-40HV17C,0x0000000000046c03,,,,,Security,0x0000000000000d9c,0x0000000000000c04,C:\Windows\System32\mmc.exe,Key,\REGISTRY\MACHINE\SOFTWARE\Microsoft\Windows\CurrentVersion\Explorer\User Shell Folders,{00000000-0000-0000-0000-000000000000},"%%1538
				%%4432
				%%4435
				%%4436",-,0x00020019,-,0,-,,,,,,,,,,,,,,,,,,,,,,,,,,,
Microsoft-Windows-Security-Auditing,{54849625-5478-4994-a5ba-3e3b0328c30d},4658,,0,0,12801,0,0x8020000000000000,2025-12-01 13:41:15.779398+00:00,527835,,,4,7608,Security,DESKTOP-40HV17C,,,,,,,,,S-1-5-21-40032278-2919576402-3266025375-1001,Thesis,DESKTOP-40HV17C,0x0000000000046c03,,,,,Security,0x0000000000000d9c,0x0000000000000c04,C:\Windows\System32\mmc.exe,,,,,,,,,,,,,,,,,,,,,,,,,,,,,,,,,,,,
Microsoft-Windows-Security-Auditing,{54849625-5478-4994-a5ba-3e3b0328c30d},4690,,0,0,12807,0,0x8020000000000000,2025-12-01 13:41:15.797188+00:00,527836,,,4,7608,Security,DESKTOP-40HV17C,,,,,,,,,S-1-5-21-40032278-2919576402-3266025375-1001,Thesis,DESKTOP-40HV17C,0x0000000000046c03,0x0000000000000da4,0x0000000000000c04,0x0000000000003214,0x0000000000000004,,,,,,,,,,,,,,,,,,,,,,,,,,,,,,,,,,,,,,,,
Microsoft-Windows-Security-Auditing,{54849625-5478-4994-a5ba-3e3b0328c30d},4658,,0,0,12801,0,0x8020000000000000,2025-12-01 13:41:15.797195+00:00,527837,,,4,7608,Security,DESKTOP-40HV17C,,,,,,,,,S-1-5-21-40032278-2919576402-3266025375-1001,Thesis,DESKTOP-40HV17C,0x0000000000046c03,,,,,Security,0x0000000000003214,0x0000000000000c04,C:\Windows\System32\mmc.exe,,,,,,,,,,,,,,,,,,,,,,,,,,,,,,,,,,,,
Microsoft-Windows-Security-Auditing,{54849625-5478-4994-a5ba-3e3b0328c30d},4656,,1,0,12801,0,0x8020000000000000,2025-12-01 13:41:15.797203+00:00,527838,,,4,7608,Security,DESKTOP-40HV17C,,,,,,,,,S-1-5-21-40032278-2919576402-3266025375-1001,Thesis,DESKTOP-40HV17C,0x0000000000046c03,,,,,Security,0x0000000000000da4,0x0000000000000c04,C:\Windows\System32\mmc.exe,Key,\REGISTRY\MACHINE\SOFTWARE\Microsoft\Windows\CurrentVersion\Explorer\User Shell Folders,{00000000-0000-0000-0000-000000000000},"%%1538
				%%4432
				%%4435
				%%4436",-,0x00020019,-,0,-,,,,,,,,,,,,,,,,,,,,,,,,,,,
Microsoft-Windows-Security-Auditing,{54849625-5478-4994-a5ba-3e3b0328c30d},4658,,0,0,12801,0,0x8020000000000000,2025-12-01 13:41:15.798021+00:00,527839,,,4,7608,Security,DESKTOP-40HV17C,,,,,,,,,S-1-5-21-40032278-2919576402-3266025375-1001,Thesis,DESKTOP-40HV17C,0x0000000000046c03,,,,,Security,0x0000000000000da4,0x0000000000000c04,C:\Windows\System32\mmc.exe,,,,,,,,,,,,,,,,,,,,,,,,,,,,,,,,,,,,
Microsoft-Windows-Security-Auditing,{54849625-5478-4994-a5ba-3e3b0328c30d},4690,,0,0,12807,0,0x8020000000000000,2025-12-01 13:41:15.798025+00:00,527840,,,4,7608,Security,DESKTOP-40HV17C,,,,,,,,,S-1-5-21-40032278-2919576402-3266025375-1001,Thesis,DESKTOP-40HV17C,0x0000000000046c03,0x0000000000000da8,0x0000000000000c04,0x0000000000003214,0x0000000000000004,,,,,,,,,,,,,,,,,,,,,,,,,,,,,,,,,,,,,,,,
Microsoft-Windows-Security-Auditing,{54849625-5478-4994-a5ba-3e3b0328c30d},4658,,0,0,12801,0,0x8020000000000000,2025-12-01 13:41:15.798027+00:00,527841,,,4,7608,Security,DESKTOP-40HV17C,,,,,,,,,S-1-5-21-40032278-2919576402-3266025375-1001,Thesis,DESKTOP-40HV17C,0x0000000000046c03,,,,,Security,0x0000000000003214,0x0000000000000c04,C:\Windows\System32\mmc.exe,,,,,,,,,,,,,,,,,,,,,,,,,,,,,,,,,,,,
Microsoft-Windows-Security-Auditing,{54849625-5478-4994-a5ba-3e3b0328c30d},4656,,1,0,12801,0,0x8020000000000000,2025-12-01 13:41:15.798033+00:00,527842,,,4,7608,Security,DESKTOP-40HV17C,,,,,,,,,S-1-5-21-40032278-2919576402-3266025375-1001,Thesis,DESKTOP-40HV17C,0x0000000000046c03,,,,,Security,0x0000000000000da8,0x0000000000000c04,C:\Windows\System32\mmc.exe,Key,\REGISTRY\MACHINE\SOFTWARE\Microsoft\Windows\CurrentVersion\Explorer\User Shell Folders,{00000000-0000-0000-0000-000000000000},"%%1538
				%%4432
				%%4435
				%%4436",-,0x00020019,-,0,-,,,,,,,,,,,,,,,,,,,,,,,,,,,
Microsoft-Windows-Security-Auditing,{54849625-5478-4994-a5ba-3e3b0328c30d},4658,,0,0,12801,0,0x8020000000000000,2025-12-01 13:41:15.798586+00:00,527843,,,4,7608,Security,DESKTOP-40HV17C,,,,,,,,,S-1-5-21-40032278-2919576402-3266025375-1001,Thesis,DESKTOP-40HV17C,0x0000000000046c03,,,,,Security,0x0000000000000da8,0x0000000000000c04,C:\Windows\System32\mmc.exe,,,,,,,,,,,,,,,,,,,,,,,,,,,,,,,,,,,,
Microsoft-Windows-Security-Auditing,{54849625-5478-4994-a5ba-3e3b0328c30d},4690,,0,0,12807,0,0x8020000000000000,2025-12-01 13:41:15.799362+00:00,527844,,,4,7608,Security,DESKTOP-40HV17C,,,,,,,,,S-1-5-21-40032278-2919576402-3266025375-1001,Thesis,DESKTOP-40HV17C,0x0000000000046c03,0x0000000000000d6c,0x0000000000000c04,0x0000000000003214,0x0000000000000004,,,,,,,,,,,,,,,,,,,,,,,,,,,,,,,,,,,,,,,,
Microsoft-Windows-Security-Auditing,{54849625-5478-4994-a5ba-3e3b0328c30d},4658,,0,0,12801,0,0x8020000000000000,2025-12-01 13:41:15.799366+00:00,527845,,,4,7608,Security,DESKTOP-40HV17C,,,,,,,,,S-1-5-21-40032278-2919576402-3266025375-1001,Thesis,DESKTOP-40HV17C,0x0000000000046c03,,,,,Security,0x0000000000003214,0x0000000000000c04,C:\Windows\System32\mmc.exe,,,,,,,,,,,,,,,,,,,,,,,,,,,,,,,,,,,,
Microsoft-Windows-Security-Auditing,{54849625-5478-4994-a5ba-3e3b0328c30d},4656,,1,0,12801,0,0x8020000000000000,2025-12-01 13:41:15.799370+00:00,527846,,,4,7608,Security,DESKTOP-40HV17C,,,,,,,,,S-1-5-21-40032278-2919576402-3266025375-1001,Thesis,DESKTOP-40HV17C,0x0000000000046c03,,,,,Security,0x0000000000000d6c,0x0000000000000c04,C:\Windows\System32\mmc.exe,Key,\REGISTRY\MACHINE\SOFTWARE\Microsoft\Windows\CurrentVersion\Explorer\User Shell Folders,{00000000-0000-0000-0000-000000000000},"%%1538
				%%4432
				%%4435
				%%4436",-,0x00020019,-,0,-,,,,,,,,,,,,,,,,,,,,,,,,,,,
Microsoft-Windows-Security-Auditing,{54849625-5478-4994-a5ba-3e3b0328c30d},4658,,0,0,12801,0,0x8020000000000000,2025-12-01 13:41:15.800770+00:00,527847,,,4,7608,Security,DESKTOP-40HV17C,,,,,,,,,S-1-5-21-40032278-2919576402-3266025375-1001,Thesis,DESKTOP-40HV17C,0x0000000000046c03,,,,,Security,0x0000000000000d6c,0x0000000000000c04,C:\Windows\System32\mmc.exe,,,,,,,,,,,,,,,,,,,,,,,,,,,,,,,,,,,,
Microsoft-Windows-Security-Auditing,{54849625-5478-4994-a5ba-3e3b0328c30d},4690,,0,0,12807,0,0x8020000000000000,2025-12-01 13:41:15.802687+00:00,527848,,,4,7608,Security,DESKTOP-40HV17C,,,,,,,,,S-1-5-21-40032278-2919576402-3266025375-1001,Thesis,DESKTOP-40HV17C,0x0000000000046c03,0x0000000000000da4,0x0000000000000c04,0x0000000000003214,0x0000000000000004,,,,,,,,,,,,,,,,,,,,,,,,,,,,,,,,,,,,,,,,
Microsoft-Windows-Security-Auditing,{54849625-5478-4994-a5ba-3e3b0328c30d},4658,,0,0,12801,0,0x8020000000000000,2025-12-01 13:41:15.802691+00:00,527849,,,4,7608,Security,DESKTOP-40HV17C,,,,,,,,,S-1-5-21-40032278-2919576402-3266025375-1001,Thesis,DESKTOP-40HV17C,0x0000000000046c03,,,,,Security,0x0000000000003214,0x0000000000000c04,C:\Windows\System32\mmc.exe,,,,,,,,,,,,,,,,,,,,,,,,,,,,,,,,,,,,
Microsoft-Windows-Security-Auditing,{54849625-5478-4994-a5ba-3e3b0328c30d},4656,,1,0,12801,0,0x8020000000000000,2025-12-01 13:41:15.802698+00:00,527850,,,4,7608,Security,DESKTOP-40HV17C,,,,,,,,,S-1-5-21-40032278-2919576402-3266025375-1001,Thesis,DESKTOP-40HV17C,0x0000000000046c03,,,,,Security,0x0000000000000da4,0x0000000000000c04,C:\Windows\System32\mmc.exe,Key,\REGISTRY\MACHINE\SOFTWARE\Microsoft\Windows\CurrentVersion\Explorer\User Shell Folders,{00000000-0000-0000-0000-000000000000},"%%1538
				%%4432
				%%4435
				%%4436",-,0x00020019,-,0,-,,,,,,,,,,,,,,,,,,,,,,,,,,,
Microsoft-Windows-Security-Auditing,{54849625-5478-4994-a5ba-3e3b0328c30d},4658,,0,0,12801,0,0x8020000000000000,2025-12-01 13:41:15.802702+00:00,527851,,,4,7608,Security,DESKTOP-40HV17C,,,,,,,,,S-1-5-21-40032278-2919576402-3266025375-1001,Thesis,DESKTOP-40HV17C,0x0000000000046c03,,,,,Security,0x0000000000000da4,0x0000000000000c04,C:\Windows\System32\mmc.exe,,,,,,,,,,,,,,,,,,,,,,,,,,,,,,,,,,,,
Microsoft-Windows-Security-Auditing,{54849625-5478-4994-a5ba-3e3b0328c30d},4690,,0,0,12807,0,0x8020000000000000,2025-12-01 13:41:15.806499+00:00,527852,,,4,7608,Security,DESKTOP-40HV17C,,,,,,,,,S-1-5-21-40032278-2919576402-3266025375-1001,Thesis,DESKTOP-40HV17C,0x0000000000046c03,0x0000000000000d80,0x0000000000000c04,0x0000000000003214,0x0000000000000004,,,,,,,,,,,,,,,,,,,,,,,,,,,,,,,,,,,,,,,,
Microsoft-Windows-Security-Auditing,{54849625-5478-4994-a5ba-3e3b0328c30d},4658,,0,0,12801,0,0x8020000000000000,2025-12-01 13:41:15.806509+00:00,527853,,,4,7608,Security,DESKTOP-40HV17C,,,,,,,,,S-1-5-21-40032278-2919576402-3266025375-1001,Thesis,DESKTOP-40HV17C,0x0000000000046c03,,,,,Security,0x0000000000003214,0x0000000000000c04,C:\Windows\System32\mmc.exe,,,,,,,,,,,,,,,,,,,,,,,,,,,,,,,,,,,,
Microsoft-Windows-Security-Auditing,{54849625-5478-4994-a5ba-3e3b0328c30d},4656,,1,0,12801,0,0x8020000000000000,2025-12-01 13:41:15.806519+00:00,527854,,,4,7608,Security,DESKTOP-40HV17C,,,,,,,,,S-1-5-21-40032278-2919576402-3266025375-1001,Thesis,DESKTOP-40HV17C,0x0000000000046c03,,,,,Security,0x0000000000000d80,0x0000000000000c04,C:\Windows\System32\mmc.exe,Key,\REGISTRY\MACHINE\SOFTWARE\Microsoft\Windows\CurrentVersion\Explorer\User Shell Folders,{00000000-0000-0000-0000-000000000000},"%%1538
				%%4432
				%%4435
				%%4436",-,0x00020019,-,0,-,,,,,,,,,,,,,,,,,,,,,,,,,,,
Microsoft-Windows-Security-Auditing,{54849625-5478-4994-a5ba-3e3b0328c30d},4658,,0,0,12801,0,0x8020000000000000,2025-12-01 13:41:15.807343+00:00,527855,,,4,7608,Security,DESKTOP-40HV17C,,,,,,,,,S-1-5-21-40032278-2919576402-3266025375-1001,Thesis,DESKTOP-40HV17C,0x0000000000046c03,,,,,Security,0x0000000000000d80,0x0000000000000c04,C:\Windows\System32\mmc.exe,,,,,,,,,,,,,,,,,,,,,,,,,,,,,,,,,,,,
Microsoft-Windows-Security-Auditing,{54849625-5478-4994-a5ba-3e3b0328c30d},4690,,0,0,12807,0,0x8020000000000000,2025-12-01 13:41:15.808498+00:00,527856,,,4,7608,Security,DESKTOP-40HV17C,,,,,,,,,S-1-5-21-40032278-2919576402-3266025375-1001,Thesis,DESKTOP-40HV17C,0x0000000000046c03,0x0000000000000da4,0x0000000000000c04,0x0000000000003214,0x0000000000000004,,,,,,,,,,,,,,,,,,,,,,,,,,,,,,,,,,,,,,,,
Microsoft-Windows-Security-Auditing,{54849625-5478-4994-a5ba-3e3b0328c30d},4658,,0,0,12801,0,0x8020000000000000,2025-12-01 13:41:15.808502+00:00,527857,,,4,7608,Security,DESKTOP-40HV17C,,,,,,,,,S-1-5-21-40032278-2919576402-3266025375-1001,Thesis,DESKTOP-40HV17C,0x0000000000046c03,,,,,Security,0x0000000000003214,0x0000000000000c04,C:\Windows\System32\mmc.exe,,,,,,,,,,,,,,,,,,,,,,,,,,,,,,,,,,,,
Microsoft-Windows-Security-Auditing,{54849625-5478-4994-a5ba-3e3b0328c30d},4656,,1,0,12801,0,0x8020000000000000,2025-12-01 13:41:15.808512+00:00,527858,,,4,7608,Security,DESKTOP-40HV17C,,,,,,,,,S-1-5-21-40032278-2919576402-3266025375-1001,Thesis,DESKTOP-40HV17C,0x0000000000046c03,,,,,Security,0x0000000000000da4,0x0000000000000c04,C:\Windows\System32\mmc.exe,Key,\REGISTRY\MACHINE\SOFTWARE\Microsoft\Windows\CurrentVersion\Explorer\User Shell Folders,{00000000-0000-0000-0000-000000000000},"%%1538
				%%4432
				%%4435
				%%4436",-,0x00020019,-,0,-,,,,,,,,,,,,,,,,,,,,,,,,,,,
Microsoft-Windows-Security-Auditing,{54849625-5478-4994-a5ba-3e3b0328c30d},4658,,0,0,12801,0,0x8020000000000000,2025-12-01 13:41:15.809696+00:00,527859,,,4,7608,Security,DESKTOP-40HV17C,,,,,,,,,S-1-5-21-40032278-2919576402-3266025375-1001,Thesis,DESKTOP-40HV17C,0x0000000000046c03,,,,,Security,0x0000000000000da4,0x0000000000000c04,C:\Windows\System32\mmc.exe,,,,,,,,,,,,,,,,,,,,,,,,,,,,,,,,,,,,
Microsoft-Windows-Security-Auditing,{54849625-5478-4994-a5ba-3e3b0328c30d},4690,,0,0,12807,0,0x8020000000000000,2025-12-01 13:41:15.820580+00:00,527860,,,4,7608,Security,DESKTOP-40HV17C,,,,,,,,,S-1-5-21-40032278-2919576402-3266025375-1001,Thesis,DESKTOP-40HV17C,0x0000000000046c03,0x0000000000000da4,0x0000000000000c04,0x0000000000003214,0x0000000000000004,,,,,,,,,,,,,,,,,,,,,,,,,,,,,,,,,,,,,,,,
Microsoft-Windows-Security-Auditing,{54849625-5478-4994-a5ba-3e3b0328c30d},4658,,0,0,12801,0,0x8020000000000000,2025-12-01 13:41:15.820587+00:00,527861,,,4,7608,Security,DESKTOP-40HV17C,,,,,,,,,S-1-5-21-40032278-2919576402-3266025375-1001,Thesis,DESKTOP-40HV17C,0x0000000000046c03,,,,,Security,0x0000000000003214,0x0000000000000c04,C:\Windows\System32\mmc.exe,,,,,,,,,,,,,,,,,,,,,,,,,,,,,,,,,,,,
Microsoft-Windows-Security-Auditing,{54849625-5478-4994-a5ba-3e3b0328c30d},4656,,1,0,12801,0,0x8020000000000000,2025-12-01 13:41:15.820597+00:00,527862,,,4,7608,Security,DESKTOP-40HV17C,,,,,,,,,S-1-5-21-40032278-2919576402-3266025375-1001,Thesis,DESKTOP-40HV17C,0x0000000000046c03,,,,,Security,0x0000000000000da4,0x0000000000000c04,C:\Windows\System32\mmc.exe,Key,\REGISTRY\MACHINE\SOFTWARE\Microsoft\Windows\CurrentVersion\Explorer\User Shell Folders,{00000000-0000-0000-0000-000000000000},"%%1538
				%%4432
				%%4435
				%%4436",-,0x00020019,-,0,-,,,,,,,,,,,,,,,,,,,,,,,,,,,
Microsoft-Windows-Security-Auditing,{54849625-5478-4994-a5ba-3e3b0328c30d},4658,,0,0,12801,0,0x8020000000000000,2025-12-01 13:41:15.821777+00:00,527863,,,4,7608,Security,DESKTOP-40HV17C,,,,,,,,,S-1-5-21-40032278-2919576402-3266025375-1001,Thesis,DESKTOP-40HV17C,0x0000000000046c03,,,,,Security,0x0000000000000da4,0x0000000000000c04,C:\Windows\System32\mmc.exe,,,,,,,,,,,,,,,,,,,,,,,,,,,,,,,,,,,,
